[{
  "Author": "Pyon",
  "Name": "GamblePyon",
  "Punchline": "Helper plugin for Blackjack",
  "Description": "An interface for managing a game of Blackjack.",
  "Changelog": "",
  "InternalName": "GamblePyon",
  "AssemblyVersion": "1.0.0.0",
  "RepoUrl": "https://github.com/priprii/FFXIVGamblePyon",
  "ApplicableVersion": "any",
  "Tags": [
    "blackjack",
    "gamble"
  ],
  "DalamudApiLevel": 7,
  "DownloadLinkInstall": "https://github.com/priprii/FFXIVGamblePyon/raw/main/bin/GamblePyon.zip",
  "DownloadLinkTesting": "https://github.com/priprii/FFXIVGamblePyon/raw/main/bin/GamblePyon.zip",
  "DownloadLinkUpdate": "https://github.com/priprii/FFXIVGamblePyon/raw/main/bin/GamblePyon.zip"
}]