[{
	"Author": "Pyon",
	"Name": "GamblePyon",
	"Punchline": "Helper plugin for Blackjack",
	"Description": "An interface for managing a game of Blackjack.\n/pyon - Open GamblePyon",
	"Changelog": "",
	"InternalName": "GamblePyon",
	"AssemblyVersion": "1.0.0.3",
	"RepoUrl": "https://github.com/priprii/FFXIVGamblePyon",
	"ApplicableVersion": "any",
	"CategoryTags": [ "minigames" ],
	"Tags": [ "blackjack", "gamble", "pyon" ],
	"DalamudApiLevel": 7,
	"IconUrl": "",
	"ImageUrls": [ "" ],
	"DownloadLinkInstall": "https://github.com/priprii/FFXIVGamblePyon/raw/main/bin/GamblePyon.zip",
	"IsHide": false,
	"IsTestingExclusive": false,
	"DownloadLinkTesting": "https://github.com/priprii/FFXIVGamblePyon/raw/main/bin/GamblePyon.zip",
	"DownloadLinkUpdate": "https://github.com/priprii/FFXIVGamblePyon/raw/main/bin/GamblePyon.zip",
	"DownloadCount": 0,
	"LastUpdated": "1667651516"
}]